Pick Up Location,Drop Off Location
"Atlanta, GA","Austin, TX"
"Atlanta, GA","Baltimore, MD"
"Atlanta, GA","Boston, MA"
"Atlanta, GA","Buffalo, NY"
"Atlanta, GA","Charlotte, NC"
"Atlanta, GA","Chicago, IL"
"Atlanta, GA","Cincinnati, OH"
"Atlanta, GA","Cleveland, OH"
"Atlanta, GA","Columbus, OH"
"Atlanta, GA","Dallas, TX"
"Atlanta, GA","Denver, CO"
"Atlanta, GA","Detroit, MI"
"Atlanta, GA","Fresno, CA"
"Atlanta, GA","Houston, TX"
"Atlanta, GA","Jacksonville, FL"
"Atlanta, GA","Memphis, TN"
"Atlanta, GA","Miami, FL"
"Atlanta, GA","Milwaukee, WI"
"Atlanta, GA","Minneapolis, MN"
"Atlanta, GA","Omaha, NE"
"Atlanta, GA","Orlando, FL"
"Atlanta, GA","Philadelphia, PA"
"Atlanta, GA","Phoenix, AZ"
"Atlanta, GA","Pittsburgh, PA"
"Atlanta, GA","Portland, OR"
"Atlanta, GA","Raleigh, NC"
"Atlanta, GA","Sacramento, CA"
"Atlanta, GA","Seattle, WA"
"Atlanta, GA","Tampa, FL"
"Atlanta, GA","Tucson, AZ"
"Atlanta, GA","Tulsa, OK"
"Atlanta, GA","Washington, DC"
"Atlanta, GA","Wichita, KS"
"Austin, TX","Albuquerque, NM"
"Austin, TX","Atlanta, GA"
"Austin, TX","Baltimore, MD"
"Austin, TX","Boston, MA"
"Austin, TX","Buffalo, NY"
"Austin, TX","Charlotte, NC"
"Austin, TX","Chicago, IL"
"Austin, TX","Cincinnati, OH"
"Austin, TX","Cleveland, OH"
"Austin, TX","Columbus, OH"
"Austin, TX","Dallas, TX"
"Austin, TX","Denver, CO"
"Austin, TX","Detroit, MI"
"Austin, TX","Fresno, CA"
"Austin, TX","Houston, TX"
"Austin, TX","Jacksonville, FL"
"Austin, TX","Memphis, TN"
"Austin, TX","Miami, FL"
"Austin, TX","Milwaukee, WI"
"Austin, TX","Minneapolis, MN"
"Austin, TX","Omaha, NE"
"Austin, TX","Orlando, FL"
"Austin, TX","Philadelphia, PA"
"Austin, TX","Phoenix, AZ"
"Austin, TX","Pittsburgh, PA"
"Austin, TX","Portland, OR"
"Austin, TX","Raleigh, NC"
"Austin, TX","Sacramento, CA"
"Austin, TX","Seattle, WA"
"Austin, TX","Tampa, FL"
"Austin, TX","Tucson, AZ"
"Austin, TX","Tulsa, OK"
"Austin, TX","Washington, DC"
"Austin, TX","Wichita, KS"
"Baltimore, MD","Albuquerque, NM"
"Baltimore, MD","Atlanta, GA"
"Baltimore, MD","Austin, TX"
"Baltimore, MD","Boston, MA"
"Baltimore, MD","Buffalo, NY"
"Baltimore, MD","Charlotte, NC"
"Baltimore, MD","Chicago, IL"
"Baltimore, MD","Cincinnati, OH"
"Baltimore, MD","Cleveland, OH"
"Baltimore, MD","Columbus, OH"
"Baltimore, MD","Dallas, TX"
"Baltimore, MD","Denver, CO"
"Baltimore, MD","Detroit, MI"
"Baltimore, MD","Fresno, CA"
"Baltimore, MD","Houston, TX"
"Baltimore, MD","Jacksonville, FL"
"Baltimore, MD","Memphis, TN"
"Baltimore, MD","Miami, FL"
"Baltimore, MD","Milwaukee, WI"
"Baltimore, MD","Minneapolis, MN"
"Baltimore, MD","Omaha, NE"
"Baltimore, MD","Orlando, FL"
"Baltimore, MD","Philadelphia, PA"
"Baltimore, MD","Phoenix, AZ"
"Baltimore, MD","Pittsburgh, PA"
"Baltimore, MD","Portland, OR"
"Baltimore, MD","Raleigh, NC"
"Baltimore, MD","Sacramento, CA"
"Baltimore, MD","Seattle, WA"
"Baltimore, MD","Tampa, FL"
"Baltimore, MD","Tucson, AZ"
"Baltimore, MD","Tulsa, OK"
"Baltimore, MD","Washington, DC"
"Baltimore, MD","Wichita, KS"
"Boston, MA","Albuquerque, NM"
"Boston, MA","Atlanta, GA"
"Boston, MA","Austin, TX"
"Boston, MA","Baltimore, MD"
"Boston, MA","Buffalo, NY"
"Boston, MA","Charlotte, NC"
"Boston, MA","Chicago, IL"
"Boston, MA","Cincinnati, OH"
"Boston, MA","Cleveland, OH"
"Boston, MA","Columbus, OH"
"Boston, MA","Dallas, TX"
"Boston, MA","Denver, CO"
"Boston, MA","Detroit, MI"
"Boston, MA","Fresno, CA"
"Boston, MA","Houston, TX"
"Boston, MA","Jacksonville, FL"
"Boston, MA","Memphis, TN"
"Boston, MA","Miami, FL"
"Boston, MA","Milwaukee, WI"
"Boston, MA","Minneapolis, MN"
"Boston, MA","Omaha, NE"
"Boston, MA","Orlando, FL"
"Boston, MA","Philadelphia, PA"
"Boston, MA","Phoenix, AZ"
"Boston, MA","Pittsburgh, PA"
"Boston, MA","Portland, OR"
"Boston, MA","Raleigh, NC"
"Boston, MA","Sacramento, CA"
"Boston, MA","Seattle, WA"
"Boston, MA","Tampa, FL"
"Boston, MA","Tucson, AZ"
"Boston, MA","Tulsa, OK"
"Boston, MA","Washington, DC"
"Boston, MA","Wichita, KS"
"Buffalo, NY","Albuquerque, NM"
"Buffalo, NY","Atlanta, GA"
"Buffalo, NY","Austin, TX"
"Buffalo, NY","Baltimore, MD"
"Buffalo, NY","Boston, MA"
"Buffalo, NY","Charlotte, NC"
"Buffalo, NY","Chicago, IL"
"Buffalo, NY","Cincinnati, OH"
"Buffalo, NY","Cleveland, OH"
"Buffalo, NY","Columbus, OH"
"Buffalo, NY","Dallas, TX"
"Buffalo, NY","Denver, CO"
"Buffalo, NY","Detroit, MI"
"Buffalo, NY","Fresno, CA"
"Buffalo, NY","Houston, TX"
"Buffalo, NY","Jacksonville, FL"
"Buffalo, NY","Memphis, TN"
"Buffalo, NY","Miami, FL"
"Buffalo, NY","Milwaukee, WI"
"Buffalo, NY","Minneapolis, MN"
"Buffalo, NY","Omaha, NE"
"Buffalo, NY","Orlando, FL"
"Buffalo, NY","Philadelphia, PA"
"Buffalo, NY","Phoenix, AZ"
"Buffalo, NY","Pittsburgh, PA"
"Buffalo, NY","Portland, OR"
"Buffalo, NY","Raleigh, NC"
"Buffalo, NY","Sacramento, CA"
"Buffalo, NY","Seattle, WA"
"Buffalo, NY","Tampa, FL"
"Buffalo, NY","Tucson, AZ"
"Buffalo, NY","Tulsa, OK"
"Buffalo, NY","Washington, DC"
"Buffalo, NY","Wichita, KS"
"Charlotte, NC","Albuquerque, NM"
"Charlotte, NC","Atlanta, GA"
"Charlotte, NC","Austin, TX"
"Charlotte, NC","Baltimore, MD"
"Charlotte, NC","Boston, MA"
"Charlotte, NC","Buffalo, NY"
"Charlotte, NC","Chicago, IL"
"Charlotte, NC","Cincinnati, OH"
"Charlotte, NC","Cleveland, OH"
"Charlotte, NC","Columbus, OH"
"Charlotte, NC","Dallas, TX"
"Charlotte, NC","Denver, CO"
"Charlotte, NC","Detroit, MI"
"Charlotte, NC","Fresno, CA"
"Charlotte, NC","Houston, TX"
"Charlotte, NC","Jacksonville, FL"
"Charlotte, NC","Memphis, TN"
"Charlotte, NC","Miami, FL"
"Charlotte, NC","Milwaukee, WI"
"Charlotte, NC","Minneapolis, MN"
"Charlotte, NC","Omaha, NE"
"Charlotte, NC","Orlando, FL"
"Charlotte, NC","Philadelphia, PA"
"Charlotte, NC","Phoenix, AZ"
"Charlotte, NC","Pittsburgh, PA"
"Charlotte, NC","Portland, OR"
"Charlotte, NC","Raleigh, NC"
"Charlotte, NC","Sacramento, CA"
"Charlotte, NC","Seattle, WA"
"Charlotte, NC","Tampa, FL"
"Charlotte, NC","Tucson, AZ"
"Charlotte, NC","Tulsa, OK"
"Charlotte, NC","Washington, DC"
"Charlotte, NC","Wichita, KS"
"Chicago, IL","Albuquerque, NM"
"Chicago, IL","Atlanta, GA"
"Chicago, IL","Austin, TX"
"Chicago, IL","Baltimore, MD"
"Chicago, IL","Boston, MA"
"Chicago, IL","Buffalo, NY"
"Chicago, IL","Charlotte, NC"
"Chicago, IL","Cincinnati, OH"
"Chicago, IL","Cleveland, OH"
"Chicago, IL","Columbus, OH"
"Chicago, IL","Dallas, TX"
"Chicago, IL","Denver, CO"
"Chicago, IL","Detroit, MI"
"Chicago, IL","Fresno, CA"
"Chicago, IL","Houston, TX"
"Chicago, IL","Jacksonville, FL"
"Chicago, IL","Memphis, TN"
"Chicago, IL","Miami, FL"
"Chicago, IL","Milwaukee, WI"
"Chicago, IL","Minneapolis, MN"
"Chicago, IL","Omaha, NE"
"Chicago, IL","Orlando, FL"
"Chicago, IL","Philadelphia, PA"
"Chicago, IL","Phoenix, AZ"
"Chicago, IL","Pittsburgh, PA"
"Chicago, IL","Portland, OR"
"Chicago, IL","Raleigh, NC"
"Chicago, IL","Sacramento, CA"
"Chicago, IL","Seattle, WA"
"Chicago, IL","Tampa, FL"
"Chicago, IL","Tucson, AZ"
"Chicago, IL","Tulsa, OK"
"Chicago, IL","Washington, DC"
"Chicago, IL","Wichita, KS"
"Cincinnati, OH","Albuquerque, NM"
"Cincinnati, OH","Atlanta, GA"
"Cincinnati, OH","Austin, TX"
"Cincinnati, OH","Baltimore, MD"
"Cincinnati, OH","Boston, MA"
"Cincinnati, OH","Buffalo, NY"
"Cincinnati, OH","Charlotte, NC"
"Cincinnati, OH","Chicago, IL"
"Cincinnati, OH","Cleveland, OH"
"Cincinnati, OH","Columbus, OH"
"Cincinnati, OH","Dallas, TX"
"Cincinnati, OH","Denver, CO"
"Cincinnati, OH","Detroit, MI"
"Cincinnati, OH","Fresno, CA"
"Cincinnati, OH","Houston, TX"
"Cincinnati, OH","Jacksonville, FL"
"Cincinnati, OH","Memphis, TN"
"Cincinnati, OH","Miami, FL"
"Cincinnati, OH","Milwaukee, WI"
"Cincinnati, OH","Minneapolis, MN"
"Cincinnati, OH","Omaha, NE"
"Cincinnati, OH","Orlando, FL"
"Cincinnati, OH","Philadelphia, PA"
"Cincinnati, OH","Phoenix, AZ"
"Cincinnati, OH","Pittsburgh, PA"
"Cincinnati, OH","Portland, OR"
"Cincinnati, OH","Raleigh, NC"
"Cincinnati, OH","Sacramento, CA"
"Cincinnati, OH","Seattle, WA"
"Cincinnati, OH","Tampa, FL"
"Cincinnati, OH","Tucson, AZ"
"Cincinnati, OH","Tulsa, OK"
"Cincinnati, OH","Washington, DC"
"Cincinnati, OH","Wichita, KS"
"Cleveland, OH","Albuquerque, NM"
"Cleveland, OH","Atlanta, GA"
"Cleveland, OH","Austin, TX"
"Cleveland, OH","Baltimore, MD"
"Cleveland, OH","Boston, MA"
"Cleveland, OH","Buffalo, NY"
"Cleveland, OH","Charlotte, NC"
"Cleveland, OH","Chicago, IL"
"Cleveland, OH","Cincinnati, OH"
"Cleveland, OH","Columbus, OH"
"Cleveland, OH","Dallas, TX"
"Cleveland, OH","Denver, CO"
"Cleveland, OH","Detroit, MI"
"Cleveland, OH","Fresno, CA"
"Cleveland, OH","Houston, TX"
"Cleveland, OH","Jacksonville, FL"
"Cleveland, OH","Memphis, TN"
"Cleveland, OH","Miami, FL"
"Cleveland, OH","Milwaukee, WI"
"Cleveland, OH","Minneapolis, MN"
"Cleveland, OH","Omaha, NE"
"Cleveland, OH","Orlando, FL"
"Cleveland, OH","Philadelphia, PA"
"Cleveland, OH","Phoenix, AZ"
"Cleveland, OH","Pittsburgh, PA"
"Cleveland, OH","Portland, OR"
"Cleveland, OH","Raleigh, NC"
"Cleveland, OH","Sacramento, CA"
"Cleveland, OH","Seattle, WA"
"Cleveland, OH","Tampa, FL"
"Cleveland, OH","Tucson, AZ"
"Cleveland, OH","Tulsa, OK"
"Cleveland, OH","Washington, DC"
"Cleveland, OH","Wichita, KS"
"Columbus, OH","Albuquerque, NM"
"Columbus, OH","Atlanta, GA"
"Columbus, OH","Austin, TX"
"Columbus, OH","Baltimore, MD"
"Columbus, OH","Boston, MA"
"Columbus, OH","Buffalo, NY"
"Columbus, OH","Charlotte, NC"
"Columbus, OH","Chicago, IL"
"Columbus, OH","Cincinnati, OH"
"Columbus, OH","Cleveland, OH"
"Columbus, OH","Dallas, TX"
"Columbus, OH","Denver, CO"
"Columbus, OH","Detroit, MI"
"Columbus, OH","Fresno, CA"
"Columbus, OH","Houston, TX"
"Columbus, OH","Jacksonville, FL"
"Columbus, OH","Memphis, TN"
"Columbus, OH","Miami, FL"
"Columbus, OH","Milwaukee, WI"
"Columbus, OH","Minneapolis, MN"
"Columbus, OH","Omaha, NE"
"Columbus, OH","Orlando, FL"
"Columbus, OH","Philadelphia, PA"
"Columbus, OH","Phoenix, AZ"
"Columbus, OH","Pittsburgh, PA"
"Columbus, OH","Portland, OR"
"Columbus, OH","Raleigh, NC"
"Columbus, OH","Sacramento, CA"
"Columbus, OH","Seattle, WA"
"Columbus, OH","Tampa, FL"
"Columbus, OH","Tucson, AZ"
"Columbus, OH","Tulsa, OK"
"Columbus, OH","Washington, DC"
"Columbus, OH","Wichita, KS"
"Dallas, TX","Albuquerque, NM"
"Dallas, TX","Atlanta, GA"
"Dallas, TX","Austin, TX"
"Dallas, TX","Baltimore, MD"
"Dallas, TX","Boston, MA"
"Dallas, TX","Buffalo, NY"
"Dallas, TX","Charlotte, NC"
"Dallas, TX","Chicago, IL"
"Dallas, TX","Cincinnati, OH"
"Dallas, TX","Cleveland, OH"
"Dallas, TX","Columbus, OH"
"Dallas, TX","Denver, CO"
"Dallas, TX","Detroit, MI"
"Dallas, TX","Fresno, CA"
"Dallas, TX","Houston, TX"
"Dallas, TX","Jacksonville, FL"
"Dallas, TX","Memphis, TN"
"Dallas, TX","Miami, FL"
"Dallas, TX","Milwaukee, WI"
"Dallas, TX","Minneapolis, MN"
"Dallas, TX","Omaha, NE"
"Dallas, TX","Orlando, FL"
"Dallas, TX","Philadelphia, PA"
"Dallas, TX","Phoenix, AZ"
"Dallas, TX","Pittsburgh, PA"
"Dallas, TX","Portland, OR"
"Dallas, TX","Raleigh, NC"
"Dallas, TX","Sacramento, CA"
"Dallas, TX","Seattle, WA"
"Dallas, TX","Tampa, FL"
"Dallas, TX","Tucson, AZ"
"Dallas, TX","Tulsa, OK"
"Dallas, TX","Washington, DC"
"Dallas, TX","Wichita, KS"
"Denver, CO","Albuquerque, NM"
"Denver, CO","Atlanta, GA"
"Denver, CO","Austin, TX"
"Denver, CO","Baltimore, MD"
"Denver, CO","Boston, MA"
"Denver, CO","Buffalo, NY"
"Denver, CO","Charlotte, NC"
"Denver, CO","Chicago, IL"
"Denver, CO","Cincinnati, OH"
"Denver, CO","Cleveland, OH"
"Denver, CO","Columbus, OH"
"Denver, CO","Dallas, TX"
"Denver, CO","Detroit, MI"
"Denver, CO","Fresno, CA"
"Denver, CO","Houston, TX"
"Denver, CO","Jacksonville, FL"
"Denver, CO","Memphis, TN"
"Denver, CO","Miami, FL"
"Denver, CO","Milwaukee, WI"
"Denver, CO","Minneapolis, MN"
"Denver, CO","Omaha, NE"
"Denver, CO","Orlando, FL"
"Denver, CO","Philadelphia, PA"
"Denver, CO","Phoenix, AZ"
"Denver, CO","Pittsburgh, PA"
"Denver, CO","Portland, OR"
"Denver, CO","Raleigh, NC"
"Denver, CO","Sacramento, CA"
"Denver, CO","Seattle, WA"
"Denver, CO","Tampa, FL"
"Denver, CO","Tucson, AZ"
"Denver, CO","Tulsa, OK"
"Denver, CO","Washington, DC"
"Denver, CO","Wichita, KS"
"Detroit, MI","Albuquerque, NM"
"Detroit, MI","Atlanta, GA"
"Detroit, MI","Austin, TX"
"Detroit, MI","Baltimore, MD"
"Detroit, MI","Boston, MA"
"Detroit, MI","Buffalo, NY"
"Detroit, MI","Charlotte, NC"
"Detroit, MI","Chicago, IL"
"Detroit, MI","Cincinnati, OH"
"Detroit, MI","Cleveland, OH"
"Detroit, MI","Columbus, OH"
"Detroit, MI","Dallas, TX"
"Detroit, MI","Denver, CO"
"Detroit, MI","Fresno, CA"
"Detroit, MI","Houston, TX"
"Detroit, MI","Jacksonville, FL"
"Detroit, MI","Memphis, TN"
"Detroit, MI","Miami, FL"
"Detroit, MI","Milwaukee, WI"
"Detroit, MI","Minneapolis, MN"
"Detroit, MI","Omaha, NE"
"Detroit, MI","Orlando, FL"
"Detroit, MI","Philadelphia, PA"
"Detroit, MI","Phoenix, AZ"
"Detroit, MI","Pittsburgh, PA"
"Detroit, MI","Portland, OR"
"Detroit, MI","Raleigh, NC"
"Detroit, MI","Sacramento, CA"
"Detroit, MI","Seattle, WA"
"Detroit, MI","Tampa, FL"
"Detroit, MI","Tucson, AZ"
"Detroit, MI","Tulsa, OK"
"Detroit, MI","Washington, DC"
"Detroit, MI","Wichita, KS"
"Fresno, CA","Albuquerque, NM"
"Fresno, CA","Atlanta, GA"
"Fresno, CA","Austin, TX"
"Fresno, CA","Baltimore, MD"
"Fresno, CA","Boston, MA"
"Fresno, CA","Buffalo, NY"
"Fresno, CA","Charlotte, NC"
"Fresno, CA","Chicago, IL"
"Fresno, CA","Cincinnati, OH"
"Fresno, CA","Cleveland, OH"
"Fresno, CA","Columbus, OH"
"Fresno, CA","Dallas, TX"
"Fresno, CA","Denver, CO"
"Fresno, CA","Detroit, MI"
"Fresno, CA","Houston, TX"
"Fresno, CA","Jacksonville, FL"
"Fresno, CA","Memphis, TN"
"Fresno, CA","Miami, FL"
"Fresno, CA","Milwaukee, WI"
"Fresno, CA","Minneapolis, MN"
"Fresno, CA","Omaha, NE"
"Fresno, CA","Orlando, FL"
"Fresno, CA","Philadelphia, PA"
"Fresno, CA","Phoenix, AZ"
"Fresno, CA","Pittsburgh, PA"
"Fresno, CA","Portland, OR"
"Fresno, CA","Raleigh, NC"
"Fresno, CA","Sacramento, CA"
"Fresno, CA","Seattle, WA"
"Fresno, CA","Tampa, FL"
"Fresno, CA","Tucson, AZ"
"Fresno, CA","Tulsa, OK"
"Fresno, CA","Washington, DC"
"Fresno, CA","Wichita, KS"
"Houston, TX","Albuquerque, NM"
"Houston, TX","Atlanta, GA"
"Houston, TX","Austin, TX"
"Houston, TX","Baltimore, MD"
"Houston, TX","Boston, MA"
"Houston, TX","Buffalo, NY"
"Houston, TX","Charlotte, NC"
"Houston, TX","Chicago, IL"
"Houston, TX","Cincinnati, OH"
"Houston, TX","Cleveland, OH"
"Houston, TX","Columbus, OH"
"Houston, TX","Dallas, TX"
"Houston, TX","Denver, CO"
"Houston, TX","Detroit, MI"
"Houston, TX","Fresno, CA"
"Houston, TX","Jacksonville, FL"
"Houston, TX","Memphis, TN"
"Houston, TX","Miami, FL"
"Houston, TX","Milwaukee, WI"
"Houston, TX","Minneapolis, MN"
"Houston, TX","Omaha, NE"
"Houston, TX","Orlando, FL"
"Houston, TX","Philadelphia, PA"
"Houston, TX","Phoenix, AZ"
"Houston, TX","Pittsburgh, PA"
"Houston, TX","Portland, OR"
"Houston, TX","Raleigh, NC"
"Houston, TX","Sacramento, CA"
"Houston, TX","Seattle, WA"
"Houston, TX","Tampa, FL"
"Houston, TX","Tucson, AZ"
"Houston, TX","Tulsa, OK"
"Houston, TX","Washington, DC"
"Houston, TX","Wichita, KS"
"Jacksonville, FL","Albuquerque, NM"
"Jacksonville, FL","Atlanta, GA"
"Jacksonville, FL","Austin, TX"
"Jacksonville, FL","Baltimore, MD"
"Jacksonville, FL","Boston, MA"
"Jacksonville, FL","Buffalo, NY"
"Jacksonville, FL","Charlotte, NC"
"Jacksonville, FL","Chicago, IL"
"Jacksonville, FL","Cincinnati, OH"
"Jacksonville, FL","Cleveland, OH"
"Jacksonville, FL","Columbus, OH"
"Jacksonville, FL","Dallas, TX"
"Jacksonville, FL","Denver, CO"
"Jacksonville, FL","Detroit, MI"
"Jacksonville, FL","Fresno, CA"
"Jacksonville, FL","Houston, TX"
"Jacksonville, FL","Memphis, TN"
"Jacksonville, FL","Miami, FL"
"Jacksonville, FL","Milwaukee, WI"
"Jacksonville, FL","Minneapolis, MN"
"Jacksonville, FL","Omaha, NE"
"Jacksonville, FL","Orlando, FL"
"Jacksonville, FL","Philadelphia, PA"
"Jacksonville, FL","Phoenix, AZ"
"Jacksonville, FL","Pittsburgh, PA"
"Jacksonville, FL","Portland, OR"
"Jacksonville, FL","Raleigh, NC"
"Jacksonville, FL","Sacramento, CA"
"Jacksonville, FL","Seattle, WA"
"Jacksonville, FL","Tampa, FL"
"Jacksonville, FL","Tucson, AZ"
"Jacksonville, FL","Tulsa, OK"
"Jacksonville, FL","Washington, DC"
"Jacksonville, FL","Wichita, KS"
"Memphis, TN","Albuquerque, NM"
"Memphis, TN","Atlanta, GA"
"Memphis, TN","Austin, TX"
"Memphis, TN","Baltimore, MD"
"Memphis, TN","Boston, MA"
"Memphis, TN","Buffalo, NY"
"Memphis, TN","Charlotte, NC"
"Memphis, TN","Chicago, IL"
"Memphis, TN","Cincinnati, OH"
"Memphis, TN","Cleveland, OH"
"Memphis, TN","Columbus, OH"
"Memphis, TN","Dallas, TX"
"Memphis, TN","Denver, CO"
"Memphis, TN","Detroit, MI"
"Memphis, TN","Fresno, CA"
"Memphis, TN","Houston, TX"
"Memphis, TN","Jacksonville, FL"
"Memphis, TN","Miami, FL"
"Memphis, TN","Milwaukee, WI"
"Memphis, TN","Minneapolis, MN"
"Memphis, TN","Omaha, NE"
"Memphis, TN","Orlando, FL"
"Memphis, TN","Philadelphia, PA"
"Memphis, TN","Phoenix, AZ"
"Memphis, TN","Pittsburgh, PA"
"Memphis, TN","Portland, OR"
"Memphis, TN","Raleigh, NC"
"Memphis, TN","Sacramento, CA"
"Memphis, TN","Seattle, WA"
"Memphis, TN","Tampa, FL"
"Memphis, TN","Tucson, AZ"
"Memphis, TN","Tulsa, OK"
"Memphis, TN","Washington, DC"
"Memphis, TN","Wichita, KS"
"Miami, FL","Albuquerque, NM"
"Miami, FL","Atlanta, GA"
"Miami, FL","Austin, TX"
"Miami, FL","Baltimore, MD"
"Miami, FL","Boston, MA"
"Miami, FL","Buffalo, NY"
"Miami, FL","Charlotte, NC"
"Miami, FL","Chicago, IL"
"Miami, FL","Cincinnati, OH"
"Miami, FL","Cleveland, OH"
"Miami, FL","Columbus, OH"
"Miami, FL","Dallas, TX"
"Miami, FL","Denver, CO"
"Miami, FL","Detroit, MI"
"Miami, FL","Fresno, CA"
"Miami, FL","Houston, TX"
"Miami, FL","Jacksonville, FL"
"Miami, FL","Memphis, TN"
"Miami, FL","Milwaukee, WI"
"Miami, FL","Minneapolis, MN"
"Miami, FL","Omaha, NE"
"Miami, FL","Orlando, FL"
"Miami, FL","Philadelphia, PA"
"Miami, FL","Phoenix, AZ"
"Miami, FL","Pittsburgh, PA"
"Miami, FL","Portland, OR"
"Miami, FL","Raleigh, NC"
"Miami, FL","Sacramento, CA"
"Miami, FL","Seattle, WA"
"Miami, FL","Tampa, FL"
"Miami, FL","Tucson, AZ"
"Miami, FL","Tulsa, OK"
"Miami, FL","Washington, DC"
"Miami, FL","Wichita, KS"
"Milwaukee, WI","Albuquerque, NM"
"Milwaukee, WI","Atlanta, GA"
"Milwaukee, WI","Austin, TX"
"Milwaukee, WI","Baltimore, MD"
"Milwaukee, WI","Boston, MA"
"Milwaukee, WI","Buffalo, NY"
"Milwaukee, WI","Charlotte, NC"
"Milwaukee, WI","Chicago, IL"
"Milwaukee, WI","Cincinnati, OH"
"Milwaukee, WI","Cleveland, OH"
"Milwaukee, WI","Columbus, OH"
"Milwaukee, WI","Dallas, TX"
"Milwaukee, WI","Denver, CO"
"Milwaukee, WI","Detroit, MI"
"Milwaukee, WI","Fresno, CA"
"Milwaukee, WI","Houston, TX"
"Milwaukee, WI","Jacksonville, FL"
"Milwaukee, WI","Memphis, TN"
"Milwaukee, WI","Miami, FL"
"Milwaukee, WI","Minneapolis, MN"
"Milwaukee, WI","Omaha, NE"
"Milwaukee, WI","Orlando, FL"
"Milwaukee, WI","Philadelphia, PA"
"Milwaukee, WI","Phoenix, AZ"
"Milwaukee, WI","Pittsburgh, PA"
"Milwaukee, WI","Portland, OR"
"Milwaukee, WI","Raleigh, NC"
"Milwaukee, WI","Sacramento, CA"
"Milwaukee, WI","Seattle, WA"
"Milwaukee, WI","Tampa, FL"
"Milwaukee, WI","Tucson, AZ"
"Milwaukee, WI","Tulsa, OK"
"Milwaukee, WI","Washington, DC"
"Milwaukee, WI","Wichita, KS"
"Minneapolis, MN","Albuquerque, NM"
"Minneapolis, MN","Atlanta, GA"
"Minneapolis, MN","Austin, TX"
"Minneapolis, MN","Baltimore, MD"
"Minneapolis, MN","Boston, MA"
"Minneapolis, MN","Buffalo, NY"
"Minneapolis, MN","Charlotte, NC"
"Minneapolis, MN","Chicago, IL"
"Minneapolis, MN","Cincinnati, OH"
"Minneapolis, MN","Cleveland, OH"
"Minneapolis, MN","Columbus, OH"
"Minneapolis, MN","Dallas, TX"
"Minneapolis, MN","Denver, CO"
"Minneapolis, MN","Detroit, MI"
"Minneapolis, MN","Fresno, CA"
"Minneapolis, MN","Houston, TX"
"Minneapolis, MN","Jacksonville, FL"
"Minneapolis, MN","Memphis, TN"
"Minneapolis, MN","Miami, FL"
"Minneapolis, MN","Milwaukee, WI"
"Minneapolis, MN","Omaha, NE"
"Minneapolis, MN","Orlando, FL"
"Minneapolis, MN","Philadelphia, PA"
"Minneapolis, MN","Phoenix, AZ"
"Minneapolis, MN","Pittsburgh, PA"
"Minneapolis, MN","Portland, OR"
"Minneapolis, MN","Raleigh, NC"
"Minneapolis, MN","Sacramento, CA"
"Minneapolis, MN","Seattle, WA"
"Minneapolis, MN","Tampa, FL"
"Minneapolis, MN","Tucson, AZ"
"Minneapolis, MN","Tulsa, OK"
"Minneapolis, MN","Washington, DC"
"Minneapolis, MN","Wichita, KS"
"Omaha, NE","Albuquerque, NM"
"Omaha, NE","Atlanta, GA"
"Omaha, NE","Austin, TX"
"Omaha, NE","Baltimore, MD"
"Omaha, NE","Boston, MA"
"Omaha, NE","Buffalo, NY"
"Omaha, NE","Charlotte, NC"
"Omaha, NE","Chicago, IL"
"Omaha, NE","Cincinnati, OH"
"Omaha, NE","Cleveland, OH"
"Omaha, NE","Columbus, OH"
"Omaha, NE","Dallas, TX"
"Omaha, NE","Denver, CO"
"Omaha, NE","Detroit, MI"
"Omaha, NE","Fresno, CA"
"Omaha, NE","Houston, TX"
"Omaha, NE","Jacksonville, FL"
"Omaha, NE","Memphis, TN"
"Omaha, NE","Miami, FL"
"Omaha, NE","Milwaukee, WI"
"Omaha, NE","Minneapolis, MN"
"Omaha, NE","Orlando, FL"
"Omaha, NE","Philadelphia, PA"
"Omaha, NE","Phoenix, AZ"
"Omaha, NE","Pittsburgh, PA"
"Omaha, NE","Portland, OR"
"Omaha, NE","Raleigh, NC"
"Omaha, NE","Sacramento, CA"
"Omaha, NE","Seattle, WA"
"Omaha, NE","Tampa, FL"
"Omaha, NE","Tucson, AZ"
"Omaha, NE","Tulsa, OK"
"Omaha, NE","Washington, DC"
"Omaha, NE","Wichita, KS"
"Orlando, FL","Albuquerque, NM"
"Orlando, FL","Atlanta, GA"
"Orlando, FL","Austin, TX"
"Orlando, FL","Baltimore, MD"
"Orlando, FL","Boston, MA"
"Orlando, FL","Buffalo, NY"
"Orlando, FL","Charlotte, NC"
"Orlando, FL","Chicago, IL"
"Orlando, FL","Cincinnati, OH"
"Orlando, FL","Cleveland, OH"
"Orlando, FL","Columbus, OH"
"Orlando, FL","Dallas, TX"
"Orlando, FL","Denver, CO"
"Orlando, FL","Detroit, MI"
"Orlando, FL","Fresno, CA"
"Orlando, FL","Houston, TX"
"Orlando, FL","Jacksonville, FL"
"Orlando, FL","Memphis, TN"
"Orlando, FL","Miami, FL"
"Orlando, FL","Milwaukee, WI"
"Orlando, FL","Minneapolis, MN"
"Orlando, FL","Omaha, NE"
"Orlando, FL","Philadelphia, PA"
"Orlando, FL","Phoenix, AZ"
"Orlando, FL","Pittsburgh, PA"
"Orlando, FL","Portland, OR"
"Orlando, FL","Raleigh, NC"
"Orlando, FL","Sacramento, CA"
"Orlando, FL","Seattle, WA"
"Orlando, FL","Tampa, FL"
"Orlando, FL","Tucson, AZ"
"Orlando, FL","Tulsa, OK"
"Orlando, FL","Washington, DC"
"Orlando, FL","Wichita, KS"
"Philadelphia, PA","Albuquerque, NM"
"Philadelphia, PA","Atlanta, GA"
"Philadelphia, PA","Austin, TX"
"Philadelphia, PA","Baltimore, MD"
"Philadelphia, PA","Boston, MA"
"Philadelphia, PA","Buffalo, NY"
"Philadelphia, PA","Charlotte, NC"
"Philadelphia, PA","Chicago, IL"
"Philadelphia, PA","Cincinnati, OH"
"Philadelphia, PA","Cleveland, OH"
"Philadelphia, PA","Columbus, OH"
"Philadelphia, PA","Dallas, TX"
"Philadelphia, PA","Denver, CO"
"Philadelphia, PA","Detroit, MI"
"Philadelphia, PA","Fresno, CA"
"Philadelphia, PA","Houston, TX"
"Philadelphia, PA","Jacksonville, FL"
"Philadelphia, PA","Memphis, TN"
"Philadelphia, PA","Miami, FL"
"Philadelphia, PA","Milwaukee, WI"
"Philadelphia, PA","Minneapolis, MN"
"Philadelphia, PA","Omaha, NE"
"Philadelphia, PA","Orlando, FL"
"Philadelphia, PA","Phoenix, AZ"
"Philadelphia, PA","Pittsburgh, PA"
"Philadelphia, PA","Portland, OR"
"Philadelphia, PA","Raleigh, NC"
"Philadelphia, PA","Sacramento, CA"
"Philadelphia, PA","Seattle, WA"
"Philadelphia, PA","Tampa, FL"
"Philadelphia, PA","Tucson, AZ"
"Philadelphia, PA","Tulsa, OK"
"Philadelphia, PA","Washington, DC"
"Philadelphia, PA","Wichita, KS"
"Phoenix, AZ","Albuquerque, NM"
"Phoenix, AZ","Atlanta, GA"
"Phoenix, AZ","Austin, TX"
"Phoenix, AZ","Baltimore, MD"
"Phoenix, AZ","Boston, MA"
"Phoenix, AZ","Buffalo, NY"
"Phoenix, AZ","Charlotte, NC"
"Phoenix, AZ","Chicago, IL"
"Phoenix, AZ","Cincinnati, OH"
"Phoenix, AZ","Cleveland, OH"
"Phoenix, AZ","Columbus, OH"
"Phoenix, AZ","Dallas, TX"
"Phoenix, AZ","Denver, CO"
"Phoenix, AZ","Detroit, MI"
"Phoenix, AZ","Fresno, CA"
"Phoenix, AZ","Houston, TX"
"Phoenix, AZ","Jacksonville, FL"
"Phoenix, AZ","Memphis, TN"
"Phoenix, AZ","Miami, FL"
"Phoenix, AZ","Milwaukee, WI"
"Phoenix, AZ","Minneapolis, MN"
"Phoenix, AZ","Omaha, NE"
"Phoenix, AZ","Orlando, FL"
"Phoenix, AZ","Philadelphia, PA"
"Phoenix, AZ","Pittsburgh, PA"
"Phoenix, AZ","Portland, OR"
"Phoenix, AZ","Raleigh, NC"
"Phoenix, AZ","Sacramento, CA"
"Phoenix, AZ","Seattle, WA"
"Phoenix, AZ","Tampa, FL"
"Phoenix, AZ","Tucson, AZ"
"Phoenix, AZ","Tulsa, OK"
"Phoenix, AZ","Washington, DC"
"Phoenix, AZ","Wichita, KS"
"Pittsburgh, PA","Albuquerque, NM"
"Pittsburgh, PA","Atlanta, GA"
"Pittsburgh, PA","Austin, TX"
"Pittsburgh, PA","Baltimore, MD"
"Pittsburgh, PA","Boston, MA"
"Pittsburgh, PA","Buffalo, NY"
"Pittsburgh, PA","Charlotte, NC"
"Pittsburgh, PA","Chicago, IL"
"Pittsburgh, PA","Cincinnati, OH"
"Pittsburgh, PA","Cleveland, OH"
"Pittsburgh, PA","Columbus, OH"
"Pittsburgh, PA","Dallas, TX"
"Pittsburgh, PA","Denver, CO"
"Pittsburgh, PA","Detroit, MI"
"Pittsburgh, PA","Fresno, CA"
"Pittsburgh, PA","Houston, TX"
"Pittsburgh, PA","Jacksonville, FL"
"Pittsburgh, PA","Memphis, TN"
"Pittsburgh, PA","Miami, FL"
"Pittsburgh, PA","Milwaukee, WI"
"Pittsburgh, PA","Minneapolis, MN"
"Pittsburgh, PA","Omaha, NE"
"Pittsburgh, PA","Orlando, FL"
"Pittsburgh, PA","Philadelphia, PA"
"Pittsburgh, PA","Phoenix, AZ"
"Pittsburgh, PA","Portland, OR"
"Pittsburgh, PA","Raleigh, NC"
"Pittsburgh, PA","Sacramento, CA"
"Pittsburgh, PA","Seattle, WA"
"Pittsburgh, PA","Tampa, FL"
"Pittsburgh, PA","Tucson, AZ"
"Pittsburgh, PA","Tulsa, OK"
"Pittsburgh, PA","Washington, DC"
"Pittsburgh, PA","Wichita, KS"
"Portland, OR","Albuquerque, NM"
"Portland, OR","Atlanta, GA"
"Portland, OR","Austin, TX"
"Portland, OR","Baltimore, MD"
"Portland, OR","Boston, MA"
"Portland, OR","Buffalo, NY"
"Portland, OR","Charlotte, NC"
"Portland, OR","Chicago, IL"
"Portland, OR","Cincinnati, OH"
"Portland, OR","Cleveland, OH"
"Portland, OR","Columbus, OH"
"Portland, OR","Dallas, TX"
"Portland, OR","Denver, CO"
"Portland, OR","Detroit, MI"
"Portland, OR","Fresno, CA"
"Portland, OR","Houston, TX"
"Portland, OR","Jacksonville, FL"
"Portland, OR","Memphis, TN"
"Portland, OR","Miami, FL"
"Portland, OR","Milwaukee, WI"
"Portland, OR","Minneapolis, MN"
"Portland, OR","Omaha, NE"
"Portland, OR","Orlando, FL"
"Portland, OR","Philadelphia, PA"
"Portland, OR","Phoenix, AZ"
"Portland, OR","Pittsburgh, PA"
"Portland, OR","Raleigh, NC"
"Portland, OR","Sacramento, CA"
"Portland, OR","Seattle, WA"
"Portland, OR","Tampa, FL"
"Portland, OR","Tucson, AZ"
"Portland, OR","Tulsa, OK"
"Portland, OR","Washington, DC"
"Portland, OR","Wichita, KS"
"Raleigh, NC","Albuquerque, NM"
"Raleigh, NC","Atlanta, GA"
"Raleigh, NC","Austin, TX"
"Raleigh, NC","Baltimore, MD"
"Raleigh, NC","Boston, MA"
"Raleigh, NC","Buffalo, NY"
"Raleigh, NC","Charlotte, NC"
"Raleigh, NC","Chicago, IL"
"Raleigh, NC","Cincinnati, OH"
"Raleigh, NC","Cleveland, OH"
"Raleigh, NC","Columbus, OH"
"Raleigh, NC","Dallas, TX"
"Raleigh, NC","Denver, CO"
"Raleigh, NC","Detroit, MI"
"Raleigh, NC","Fresno, CA"
"Raleigh, NC","Houston, TX"
"Raleigh, NC","Jacksonville, FL"
"Raleigh, NC","Memphis, TN"
"Raleigh, NC","Miami, FL"
"Raleigh, NC","Milwaukee, WI"
"Raleigh, NC","Minneapolis, MN"
"Raleigh, NC","Omaha, NE"
"Raleigh, NC","Orlando, FL"
"Raleigh, NC","Philadelphia, PA"
"Raleigh, NC","Phoenix, AZ"
"Raleigh, NC","Pittsburgh, PA"
"Raleigh, NC","Portland, OR"
"Raleigh, NC","Sacramento, CA"
"Raleigh, NC","Seattle, WA"
"Raleigh, NC","Tampa, FL"
"Raleigh, NC","Tucson, AZ"
"Raleigh, NC","Tulsa, OK"
"Raleigh, NC","Washington, DC"
"Raleigh, NC","Wichita, KS"
"Sacramento, CA","Albuquerque, NM"
"Sacramento, CA","Atlanta, GA"
"Sacramento, CA","Austin, TX"
"Sacramento, CA","Baltimore, MD"
"Sacramento, CA","Boston, MA"
"Sacramento, CA","Buffalo, NY"
"Sacramento, CA","Charlotte, NC"
"Sacramento, CA","Chicago, IL"
"Sacramento, CA","Cincinnati, OH"
"Sacramento, CA","Cleveland, OH"
"Sacramento, CA","Columbus, OH"
"Sacramento, CA","Dallas, TX"
"Sacramento, CA","Denver, CO"
"Sacramento, CA","Detroit, MI"
"Sacramento, CA","Fresno, CA"
"Sacramento, CA","Houston, TX"
"Sacramento, CA","Jacksonville, FL"
"Sacramento, CA","Memphis, TN"
"Sacramento, CA","Miami, FL"
"Sacramento, CA","Milwaukee, WI"
"Sacramento, CA","Minneapolis, MN"
"Sacramento, CA","Omaha, NE"
"Sacramento, CA","Orlando, FL"
"Sacramento, CA","Philadelphia, PA"
"Sacramento, CA","Phoenix, AZ"
"Sacramento, CA","Pittsburgh, PA"
"Sacramento, CA","Portland, OR"
"Sacramento, CA","Raleigh, NC"
"Sacramento, CA","Seattle, WA"
"Sacramento, CA","Tampa, FL"
"Sacramento, CA","Tucson, AZ"
"Sacramento, CA","Tulsa, OK"
"Sacramento, CA","Washington, DC"
"Sacramento, CA","Wichita, KS"
"Seattle, WA","Albuquerque, NM"
"Seattle, WA","Atlanta, GA"
"Seattle, WA","Austin, TX"
"Seattle, WA","Baltimore, MD"
"Seattle, WA","Boston, MA"
"Seattle, WA","Buffalo, NY"
"Seattle, WA","Charlotte, NC"
"Seattle, WA","Chicago, IL"
"Seattle, WA","Cincinnati, OH"
"Seattle, WA","Cleveland, OH"
"Seattle, WA","Columbus, OH"
"Seattle, WA","Dallas, TX"
"Seattle, WA","Denver, CO"
"Seattle, WA","Detroit, MI"
"Seattle, WA","Fresno, CA"
"Seattle, WA","Houston, TX"
"Seattle, WA","Jacksonville, FL"
"Seattle, WA","Memphis, TN"
"Seattle, WA","Miami, FL"
"Seattle, WA","Milwaukee, WI"
"Seattle, WA","Minneapolis, MN"
"Seattle, WA","Omaha, NE"
"Seattle, WA","Orlando, FL"
"Seattle, WA","Philadelphia, PA"
"Seattle, WA","Phoenix, AZ"
"Seattle, WA","Pittsburgh, PA"
"Seattle, WA","Portland, OR"
"Seattle, WA","Raleigh, NC"
"Seattle, WA","Sacramento, CA"
"Seattle, WA","Tampa, FL"
"Seattle, WA","Tucson, AZ"
"Seattle, WA","Tulsa, OK"
"Seattle, WA","Washington, DC"
"Seattle, WA","Wichita, KS"
"Tampa, FL","Albuquerque, NM"
"Tampa, FL","Atlanta, GA"
"Tampa, FL","Austin, TX"
"Tampa, FL","Baltimore, MD"
"Tampa, FL","Boston, MA"
"Tampa, FL","Buffalo, NY"
"Tampa, FL","Charlotte, NC"
"Tampa, FL","Chicago, IL"
"Tampa, FL","Cincinnati, OH"
"Tampa, FL","Cleveland, OH"
"Tampa, FL","Columbus, OH"
"Tampa, FL","Dallas, TX"
"Tampa, FL","Denver, CO"
"Tampa, FL","Detroit, MI"
"Tampa, FL","Fresno, CA"
"Tampa, FL","Houston, TX"
"Tampa, FL","Jacksonville, FL"
"Tampa, FL","Memphis, TN"
"Tampa, FL","Miami, FL"
"Tampa, FL","Milwaukee, WI"
"Tampa, FL","Minneapolis, MN"
"Tampa, FL","Omaha, NE"
"Tampa, FL","Orlando, FL"
"Tampa, FL","Philadelphia, PA"
"Tampa, FL","Phoenix, AZ"
"Tampa, FL","Pittsburgh, PA"
"Tampa, FL","Portland, OR"
"Tampa, FL","Raleigh, NC"
"Tampa, FL","Sacramento, CA"
"Tampa, FL","Seattle, WA"
"Tampa, FL","Tucson, AZ"
"Tampa, FL","Tulsa, OK"
"Tampa, FL","Washington, DC"
"Tampa, FL","Wichita, KS"
"Tucson, AZ","Albuquerque, NM"
"Tucson, AZ","Atlanta, GA"
"Tucson, AZ","Austin, TX"
"Tucson, AZ","Baltimore, MD"
"Tucson, AZ","Boston, MA"
"Tucson, AZ","Buffalo, NY"
"Tucson, AZ","Charlotte, NC"
"Tucson, AZ","Chicago, IL"
"Tucson, AZ","Cincinnati, OH"
"Tucson, AZ","Cleveland, OH"
"Tucson, AZ","Columbus, OH"
"Tucson, AZ","Dallas, TX"
"Tucson, AZ","Denver, CO"
"Tucson, AZ","Detroit, MI"
"Tucson, AZ","Fresno, CA"
"Tucson, AZ","Houston, TX"
"Tucson, AZ","Jacksonville, FL"
"Tucson, AZ","Memphis, TN"
"Tucson, AZ","Miami, FL"
"Tucson, AZ","Milwaukee, WI"
"Tucson, AZ","Minneapolis, MN"
"Tucson, AZ","Omaha, NE"
"Tucson, AZ","Orlando, FL"
"Tucson, AZ","Philadelphia, PA"
"Tucson, AZ","Phoenix, AZ"
"Tucson, AZ","Pittsburgh, PA"
"Tucson, AZ","Portland, OR"
"Tucson, AZ","Raleigh, NC"
"Tucson, AZ","Sacramento, CA"
"Tucson, AZ","Seattle, WA"
"Tucson, AZ","Tampa, FL"
"Tucson, AZ","Tulsa, OK"
"Tucson, AZ","Washington, DC"
"Tucson, AZ","Wichita, KS"
"Tulsa, OK","Albuquerque, NM"
"Tulsa, OK","Atlanta, GA"
"Tulsa, OK","Austin, TX"
"Tulsa, OK","Baltimore, MD"
"Tulsa, OK","Boston, MA"
"Tulsa, OK","Buffalo, NY"
"Tulsa, OK","Charlotte, NC"
"Tulsa, OK","Chicago, IL"
"Tulsa, OK","Cincinnati, OH"
"Tulsa, OK","Cleveland, OH"
"Tulsa, OK","Columbus, OH"
"Tulsa, OK","Dallas, TX"
"Tulsa, OK","Denver, CO"
"Tulsa, OK","Detroit, MI"
"Tulsa, OK","Fresno, CA"
"Tulsa, OK","Houston, TX"
"Tulsa, OK","Jacksonville, FL"
"Tulsa, OK","Memphis, TN"
"Tulsa, OK","Miami, FL"
"Tulsa, OK","Milwaukee, WI"
"Tulsa, OK","Minneapolis, MN"
"Tulsa, OK","Omaha, NE"
"Tulsa, OK","Orlando, FL"
"Tulsa, OK","Philadelphia, PA"
"Tulsa, OK","Phoenix, AZ"
"Tulsa, OK","Pittsburgh, PA"
"Tulsa, OK","Portland, OR"
"Tulsa, OK","Raleigh, NC"
"Tulsa, OK","Sacramento, CA"
"Tulsa, OK","Seattle, WA"
"Tulsa, OK","Tampa, FL"
"Tulsa, OK","Tucson, AZ"
"Tulsa, OK","Washington, DC"
"Tulsa, OK","Wichita, KS"
"Washington, DC","Albuquerque, NM"
"Washington, DC","Atlanta, GA"
"Washington, DC","Austin, TX"
"Washington, DC","Baltimore, MD"
"Washington, DC","Boston, MA"
"Washington, DC","Buffalo, NY"
"Washington, DC","Charlotte, NC"
"Washington, DC","Chicago, IL"
"Washington, DC","Cincinnati, OH"
"Washington, DC","Cleveland, OH"
"Washington, DC","Columbus, OH"
"Washington, DC","Dallas, TX"
"Washington, DC","Denver, CO"
"Washington, DC","Detroit, MI"
"Washington, DC","Fresno, CA"
"Washington, DC","Houston, TX"
"Washington, DC","Jacksonville, FL"
"Washington, DC","Memphis, TN"
"Washington, DC","Miami, FL"
"Washington, DC","Milwaukee, WI"
"Washington, DC","Minneapolis, MN"
"Washington, DC","Omaha, NE"
"Washington, DC","Orlando, FL"
"Washington, DC","Philadelphia, PA"
"Washington, DC","Phoenix, AZ"
"Washington, DC","Pittsburgh, PA"
"Washington, DC","Portland, OR"
"Washington, DC","Raleigh, NC"
"Washington, DC","Sacramento, CA"
"Washington, DC","Seattle, WA"
"Washington, DC","Tampa, FL"
"Washington, DC","Tucson, AZ"
"Washington, DC","Tulsa, OK"
"Washington, DC","Wichita, KS"
"Wichita, KS","Albuquerque, NM"
"Wichita, KS","Atlanta, GA"
"Wichita, KS","Austin, TX"
"Wichita, KS","Baltimore, MD"
"Wichita, KS","Boston, MA"
"Wichita, KS","Buffalo, NY"
"Wichita, KS","Charlotte, NC"
"Wichita, KS","Chicago, IL"
"Wichita, KS","Cincinnati, OH"
"Wichita, KS","Cleveland, OH"
"Wichita, KS","Columbus, OH"
"Wichita, KS","Dallas, TX"
"Wichita, KS","Denver, CO"
"Wichita, KS","Detroit, MI"
"Wichita, KS","Fresno, CA"
"Wichita, KS","Houston, TX"
"Wichita, KS","Jacksonville, FL"
"Wichita, KS","Memphis, TN"
"Wichita, KS","Miami, FL"
"Wichita, KS","Milwaukee, WI"
"Wichita, KS","Minneapolis, MN"
"Wichita, KS","Omaha, NE"
"Wichita, KS","Orlando, FL"
"Wichita, KS","Philadelphia, PA"
"Wichita, KS","Phoenix, AZ"
"Wichita, KS","Pittsburgh, PA"
"Wichita, KS","Portland, OR"
"Wichita, KS","Raleigh, NC"
"Wichita, KS","Sacramento, CA"
"Wichita, KS","Seattle, WA"
"Wichita, KS","Tampa, FL"
"Wichita, KS","Tucson, AZ"
"Wichita, KS","Tulsa, OK"
"Wichita, KS","Washington, DC"
